player_name,avg_fastball_velo,total_pitches,fastball_count,fastball_pct,archetype,hits,strikeouts,outs,total_events,hit_rate,k_rate,out_minus_hit,run_prevention,out_rate,damage_rate
"Abbott, Andrew",93.06315789473685,45,19.0,0.4222222222222222,Offspeed Heavy,10,8,22,45,0.2222222222222222,0.17777777777777778,12,0.26666666666666666,0.4888888888888889,0.2222222222222222
"Abreu, Bryan",98.2,3,1.0,0.3333333333333333,Offspeed Heavy,1,1,0,3,0.3333333333333333,0.3333333333333333,-1,-0.3333333333333333,0.0,0.3333333333333333
"Adam, Jason",90.85,8,2.0,0.25,Offspeed Heavy,1,3,4,8,0.125,0.375,3,0.375,0.5,0.125
"Akin, Keegan",92.97777777777779,12,9.0,0.75,Balanced,2,3,7,12,0.16666666666666666,0.25,5,0.4166666666666667,0.5833333333333334,0.16666666666666666
"Alcala, Jorge",96.1,16,5.0,0.3125,Offspeed Heavy,2,4,7,16,0.125,0.25,5,0.3125,0.4375,0.125
"Alexander, Tyler",86.96923076923076,23,13.0,0.5652173913043478,Balanced,8,4,9,23,0.34782608695652173,0.17391304347826086,1,0.043478260869565216,0.391304347826087,0.34782608695652173
"Allen, Logan",90.09166666666665,26,12.0,0.46153846153846156,Balanced,4,6,13,26,0.15384615384615385,0.23076923076923078,9,0.34615384615384615,0.5,0.15384615384615385
"Almonte, Yency",93.21333333333334,17,15.0,0.8823529411764706,Balanced,3,5,5,17,0.17647058823529413,0.29411764705882354,2,0.11764705882352941,0.29411764705882354,0.17647058823529413
"Alvarado, José",96.69166666666666,12,12.0,1.0,Power Fastball,0,4,5,12,0.0,0.3333333333333333,5,0.4166666666666667,0.4166666666666667,0.0
"Alzolay, Adbert",93.65,9,4.0,0.4444444444444444,Offspeed Heavy,3,2,4,9,0.3333333333333333,0.2222222222222222,1,0.1111111111111111,0.4444444444444444,0.3333333333333333
"Anderson, Chase",91.24,24,15.0,0.625,Balanced,5,4,14,24,0.20833333333333334,0.16666666666666666,9,0.375,0.5833333333333334,0.20833333333333334
"Anderson, Grant",92.5,1,1.0,1.0,Balanced,0,1,0,1,0.0,1.0,0,0.0,0.0,0.0
"Anderson, Nick",93.63333333333333,7,6.0,0.8571428571428571,Balanced,3,1,2,7,0.42857142857142855,0.14285714285714285,-1,-0.14285714285714285,0.2857142857142857,0.42857142857142855
"Anderson, Tyler",87.56,26,15.0,0.5769230769230769,Balanced,4,5,15,26,0.15384615384615385,0.19230769230769232,11,0.4230769230769231,0.5769230769230769,0.15384615384615385
"Andriese, Matt",90.025,5,4.0,0.8,Balanced,2,2,1,5,0.4,0.4,-1,-0.2,0.2,0.4
"Antone, Tejay",93.0,8,4.0,0.5,Balanced,1,2,3,8,0.125,0.25,2,0.25,0.375,0.125
"Armstrong, Shawn",91.7,14,14.0,1.0,Balanced,2,2,9,14,0.14285714285714285,0.14285714285714285,7,0.5,0.6428571428571429,0.14285714285714285
"Ashcraft, Graham",94.71764705882353,24,17.0,0.7083333333333334,Balanced,4,5,13,24,0.16666666666666666,0.20833333333333334,9,0.375,0.5416666666666666,0.16666666666666666
"Assad, Javier",91.19444444444444,22,18.0,0.8181818181818182,Balanced,4,5,11,22,0.18181818181818182,0.22727272727272727,7,0.3181818181818182,0.5,0.18181818181818182
"Avila, Nick",91.1846153846154,16,13.0,0.8125,Balanced,4,3,9,16,0.25,0.1875,5,0.3125,0.5625,0.25
"Avila, Pedro",92.85,4,2.0,0.5,Balanced,0,1,2,4,0.0,0.25,2,0.5,0.5,0.0
"Banks, Tanner",91.2,4,1.0,0.25,Offspeed Heavy,1,2,1,4,0.25,0.5,0,0.0,0.25,0.25
"Barlow, Scott",91.6,10,2.0,0.2,Offspeed Heavy,1,3,4,10,0.1,0.3,3,0.3,0.4,0.1
"Barnes, Matt",90.54285714285716,14,7.0,0.5,Balanced,3,3,5,14,0.21428571428571427,0.21428571428571427,2,0.14285714285714285,0.35714285714285715,0.21428571428571427
"Bassitt, Chris",91.21333333333334,24,15.0,0.625,Balanced,9,3,9,24,0.375,0.125,0,0.0,0.375,0.375
"Baumann, Mike",95.8,8,2.0,0.25,Offspeed Heavy,2,1,2,8,0.25,0.125,0,0.0,0.25,0.25
"Bednar, David",96.13333333333333,9,6.0,0.6666666666666666,Power Fastball,2,3,3,9,0.2222222222222222,0.3333333333333333,1,0.1111111111111111,0.3333333333333333,0.2222222222222222
"Beede, Tyler",91.56666666666666,11,3.0,0.2727272727272727,Offspeed Heavy,0,4,5,11,0.0,0.36363636363636365,5,0.45454545454545453,0.45454545454545453,0.0
"Beeks, Jalen",93.85714285714286,10,7.0,0.7,Balanced,2,2,3,10,0.2,0.2,1,0.1,0.3,0.2
"Bello, Brayan",95.33333333333333,22,9.0,0.4090909090909091,Offspeed Heavy,5,6,10,22,0.22727272727272727,0.2727272727272727,5,0.22727272727272727,0.45454545454545453,0.22727272727272727
"Bender, Anthony",95.46666666666665,8,6.0,0.75,Power Fastball,3,2,3,8,0.375,0.25,0,0.0,0.375,0.375
"Berríos, José",93.39230769230768,24,13.0,0.5416666666666666,Balanced,6,2,12,24,0.25,0.08333333333333333,6,0.25,0.5,0.25
"Bibee, Tanner",89.98,23,15.0,0.6521739130434783,Balanced,5,9,7,23,0.21739130434782608,0.391304347826087,2,0.08695652173913043,0.30434782608695654,0.21739130434782608
"Bieber, Shane",90.84285714285714,23,7.0,0.30434782608695654,Offspeed Heavy,6,9,8,23,0.2608695652173913,0.391304347826087,2,0.08695652173913043,0.34782608695652173,0.2608695652173913
"Bielak, Brandon",92.475,18,8.0,0.4444444444444444,Offspeed Heavy,7,1,8,18,0.3888888888888889,0.05555555555555555,1,0.05555555555555555,0.4444444444444444,0.3888888888888889
"Bird, Jake",95.375,16,12.0,0.75,Power Fastball,4,2,8,16,0.25,0.125,4,0.25,0.5,0.25
"Blackburn, Paul",88.375,22,8.0,0.36363636363636365,Offspeed Heavy,3,4,14,22,0.13636363636363635,0.18181818181818182,11,0.5,0.6363636363636364,0.13636363636363635
"Blanco, Ronel",93.5923076923077,52,13.0,0.25,Offspeed Heavy,1,11,34,52,0.019230769230769232,0.21153846153846154,33,0.6346153846153846,0.6538461538461539,0.019230769230769232
"Bolton, Cody",90.125,9,4.0,0.4444444444444444,Offspeed Heavy,0,2,6,9,0.0,0.2222222222222222,6,0.6666666666666666,0.6666666666666666,0.0
"Boyle, Joe",96.152,41,25.0,0.6097560975609756,Power Fastball,10,10,12,41,0.24390243902439024,0.24390243902439024,2,0.04878048780487805,0.2926829268292683,0.24390243902439024
"Bradford, Cody",90.66111111111111,26,18.0,0.6923076923076923,Balanced,2,4,19,26,0.07692307692307693,0.15384615384615385,17,0.6538461538461539,0.7307692307692307,0.07692307692307693
"Brasier, Ryan",94.25555555555555,12,9.0,0.75,Balanced,2,5,4,12,0.16666666666666666,0.4166666666666667,2,0.16666666666666666,0.3333333333333333,0.16666666666666666
"Brebbia, John",92.55000000000001,5,2.0,0.4,Offspeed Heavy,0,0,3,5,0.0,0.0,3,0.6,0.6,0.0
"Brito, Jhony",97.03999999999999,12,5.0,0.4166666666666667,Offspeed Heavy,6,1,4,12,0.5,0.08333333333333333,-2,-0.16666666666666666,0.3333333333333333,0.5
"Brogdon, Connor",90.8,6,5.0,0.8333333333333334,Balanced,1,2,0,6,0.16666666666666666,0.3333333333333333,-1,-0.16666666666666666,0.0,0.16666666666666666
"Brown, Ben",95.75714285714285,15,7.0,0.4666666666666667,Balanced,3,5,6,15,0.2,0.3333333333333333,3,0.2,0.4,0.2
"Brown, Hunter",94.42,21,15.0,0.7142857142857143,Balanced,8,3,6,21,0.38095238095238093,0.14285714285714285,-2,-0.09523809523809523,0.2857142857142857,0.38095238095238093
"Bukauskas, J.B.",93.225,7,4.0,0.5714285714285714,Balanced,0,2,4,7,0.0,0.2857142857142857,4,0.5714285714285714,0.5714285714285714,0.0
"Bummer, Aaron",93.96666666666665,4,3.0,0.75,Balanced,0,1,2,4,0.0,0.25,2,0.5,0.5,0.0
"Burdi, Nick",98.57000000000001,11,10.0,0.9090909090909091,Power Fastball,0,2,5,11,0.0,0.18181818181818182,5,0.45454545454545453,0.45454545454545453,0.0
"Burke, Brock",95.23333333333333,7,6.0,0.8571428571428571,Power Fastball,3,2,2,7,0.42857142857142855,0.2857142857142857,-1,-0.14285714285714285,0.2857142857142857,0.42857142857142855
"Burnes, Corbin",95.0,26,13.0,0.5,Balanced,9,3,14,26,0.34615384615384615,0.11538461538461539,5,0.19230769230769232,0.5384615384615384,0.34615384615384615
"Buttó, José",91.96470588235294,23,17.0,0.7391304347826086,Balanced,3,6,11,23,0.13043478260869565,0.2608695652173913,8,0.34782608695652173,0.4782608695652174,0.13043478260869565
"Cabrera, Génesis",92.04615384615384,16,13.0,0.8125,Balanced,5,1,8,16,0.3125,0.0625,3,0.1875,0.5,0.3125
"Canning, Griffin",92.31428571428572,23,7.0,0.30434782608695654,Offspeed Heavy,5,4,10,23,0.21739130434782608,0.17391304347826086,5,0.21739130434782608,0.43478260869565216,0.21739130434782608
"Cano, Yennier",94.72727272727273,17,11.0,0.6470588235294118,Balanced,4,4,8,17,0.23529411764705882,0.23529411764705882,4,0.23529411764705882,0.47058823529411764,0.23529411764705882
"Carrasco, Carlos",89.1,13,4.0,0.3076923076923077,Offspeed Heavy,1,6,3,13,0.07692307692307693,0.46153846153846156,2,0.15384615384615385,0.23076923076923078,0.07692307692307693
"Castillo, Luis",94.68666666666667,26,15.0,0.5769230769230769,Balanced,10,7,9,26,0.38461538461538464,0.2692307692307692,-1,-0.038461538461538464,0.34615384615384615,0.38461538461538464
"Castro, Miguel",95.32000000000001,15,5.0,0.3333333333333333,Offspeed Heavy,5,1,9,15,0.3333333333333333,0.06666666666666667,4,0.26666666666666666,0.6,0.3333333333333333
"Cease, Dylan",96.38888888888889,24,9.0,0.375,Offspeed Heavy,4,7,10,24,0.16666666666666666,0.2916666666666667,6,0.25,0.4166666666666667,0.16666666666666666
"Chafin, Andrew",91.9,7,2.0,0.2857142857142857,Offspeed Heavy,0,2,3,7,0.0,0.2857142857142857,3,0.42857142857142855,0.42857142857142855,0.0
"Chapman, Aroldis",99.3,6,2.0,0.3333333333333333,Offspeed Heavy,0,3,2,6,0.0,0.5,2,0.3333333333333333,0.3333333333333333,0.0
"Chavez, Jesse",87.68333333333334,7,6.0,0.8571428571428571,Balanced,0,0,6,7,0.0,0.0,6,0.8571428571428571,0.8571428571428571,0.0
"Cimber, Adam",85.58333333333333,8,6.0,0.75,Balanced,0,2,5,8,0.0,0.25,5,0.625,0.625,0.0
"Cisnero, José",95.48333333333333,9,6.0,0.6666666666666666,Power Fastball,4,2,2,9,0.4444444444444444,0.2222222222222222,-2,-0.2222222222222222,0.2222222222222222,0.4444444444444444
"Civale, Aaron",89.89411764705882,23,17.0,0.7391304347826086,Balanced,4,8,9,23,0.17391304347826086,0.34782608695652173,5,0.21739130434782608,0.391304347826087,0.17391304347826086
"Clase, Emmanuel",98.86666666666667,11,6.0,0.5454545454545454,Balanced,2,4,5,11,0.18181818181818182,0.36363636363636365,3,0.2727272727272727,0.45454545454545453,0.18181818181818182
"Cleavinger, Garrett",95.63333333333333,13,3.0,0.23076923076923078,Offspeed Heavy,6,3,3,13,0.46153846153846156,0.23076923076923078,-3,-0.23076923076923078,0.23076923076923078,0.46153846153846156
"Coleman, Dylan",90.725,4,4.0,1.0,Balanced,0,1,2,4,0.0,0.25,2,0.5,0.5,0.0
"Contreras, Roansy",94.76,18,10.0,0.5555555555555556,Balanced,3,4,10,18,0.16666666666666666,0.2222222222222222,7,0.3888888888888889,0.5555555555555556,0.16666666666666666
"Corbin, Patrick",89.5,30,20.0,0.6666666666666666,Balanced,9,6,11,30,0.3,0.2,2,0.06666666666666667,0.36666666666666664,0.3
"Cortes, Nestor",88.8952380952381,24,21.0,0.875,Balanced,8,2,12,24,0.3333333333333333,0.08333333333333333,4,0.16666666666666666,0.5,0.3333333333333333
"Cosgrove, Tom",90.77142857142857,10,7.0,0.7,Balanced,0,3,5,10,0.0,0.3,5,0.5,0.5,0.0
"Coulombe, Danny",87.775,9,4.0,0.4444444444444444,Offspeed Heavy,0,4,5,9,0.0,0.4444444444444444,5,0.5555555555555556,0.5555555555555556,0.0
"Cousins, Jake",94.55714285714285,17,7.0,0.4117647058823529,Offspeed Heavy,4,4,6,17,0.23529411764705882,0.23529411764705882,2,0.11764705882352941,0.35294117647058826,0.23529411764705882
"Crawford, Kutter",91.98666666666666,20,15.0,0.75,Balanced,2,5,9,20,0.1,0.25,7,0.35,0.45,0.1
"Crochet, Garrett",94.94857142857143,44,35.0,0.7954545454545454,Balanced,6,13,23,44,0.13636363636363635,0.29545454545454547,17,0.38636363636363635,0.5227272727272727,0.13636363636363635
"Cruz, Fernando",92.6,10,5.0,0.5,Balanced,0,3,3,10,0.0,0.3,3,0.3,0.3,0.0
"Cuas, Jose",91.80625,18,16.0,0.8888888888888888,Balanced,5,2,8,18,0.2777777777777778,0.1111111111111111,3,0.16666666666666666,0.4444444444444444,0.2777777777777778
"Darvish, Yu",94.13333333333334,27,9.0,0.3333333333333333,Offspeed Heavy,5,6,15,27,0.18518518518518517,0.2222222222222222,10,0.37037037037037035,0.5555555555555556,0.18518518518518517
"De Los Santos, Enyel",94.3,5,3.0,0.6,Balanced,1,1,2,5,0.2,0.2,1,0.2,0.4,0.2
"Detmers, Reid",94.3,21,6.0,0.2857142857142857,Offspeed Heavy,3,12,5,21,0.14285714285714285,0.5714285714285714,2,0.09523809523809523,0.23809523809523808,0.14285714285714285
"Devenski, Chris",90.88571428571429,21,7.0,0.3333333333333333,Offspeed Heavy,6,2,11,21,0.2857142857142857,0.09523809523809523,5,0.23809523809523808,0.5238095238095238,0.2857142857142857
"Diekman, Jake",94.625,8,4.0,0.5,Balanced,1,2,2,8,0.125,0.25,1,0.125,0.25,0.125
"Domínguez, Seranthony",97.85,7,4.0,0.5714285714285714,Power Fastball,1,1,5,7,0.14285714285714285,0.14285714285714285,4,0.5714285714285714,0.7142857142857143,0.14285714285714285
"Doval, Camilo",96.86666666666667,9,3.0,0.3333333333333333,Offspeed Heavy,2,5,1,9,0.2222222222222222,0.5555555555555556,-1,-0.1111111111111111,0.1111111111111111,0.2222222222222222
"Duarte, Daniel",95.3,7,3.0,0.42857142857142855,Offspeed Heavy,1,1,5,7,0.14285714285714285,0.14285714285714285,4,0.5714285714285714,0.7142857142857143,0.14285714285714285
"Dunning, Dane",89.34545454545454,53,33.0,0.6226415094339622,Balanced,7,14,23,53,0.1320754716981132,0.2641509433962264,16,0.3018867924528302,0.4339622641509434,0.1320754716981132
"Díaz, Alexis",93.45,13,6.0,0.46153846153846156,Balanced,2,4,6,13,0.15384615384615385,0.3076923076923077,4,0.3076923076923077,0.46153846153846156,0.15384615384615385
"Díaz, Edwin",96.92,14,5.0,0.35714285714285715,Offspeed Heavy,0,7,5,14,0.0,0.5,5,0.35714285714285715,0.35714285714285715,0.0
"Díaz, Miguel",91.6,3,1.0,0.3333333333333333,Offspeed Heavy,0,0,3,3,0.0,0.0,3,1.0,1.0,0.0
"Eflin, Zach",90.13333333333334,25,15.0,0.6,Balanced,5,5,14,25,0.2,0.2,9,0.36,0.56,0.2
"Emanuel, Kent",88.97,15,10.0,0.6666666666666666,Balanced,4,2,5,15,0.26666666666666666,0.13333333333333333,1,0.06666666666666667,0.3333333333333333,0.26666666666666666
"Eovaldi, Nathan",94.2909090909091,24,11.0,0.4583333333333333,Balanced,4,8,11,24,0.16666666666666666,0.3333333333333333,7,0.2916666666666667,0.4583333333333333,0.16666666666666666
"Erceg, Lucas",98.16666666666667,11,3.0,0.2727272727272727,Offspeed Heavy,5,2,4,11,0.45454545454545453,0.18181818181818182,-1,-0.09090909090909091,0.36363636363636365,0.45454545454545453
"Espino, Paolo",88.44,8,5.0,0.625,Balanced,2,0,5,8,0.25,0.0,3,0.375,0.625,0.25
"Estévez, Carlos",95.53333333333335,6,6.0,1.0,Power Fastball,1,1,4,6,0.16666666666666666,0.16666666666666666,3,0.5,0.6666666666666666,0.16666666666666666
"Faedo, Alex",92.93333333333334,22,9.0,0.4090909090909091,Offspeed Heavy,5,4,10,22,0.22727272727272727,0.18181818181818182,5,0.22727272727272727,0.45454545454545453,0.22727272727272727
"Fairbanks, Pete",96.55714285714285,9,7.0,0.7777777777777778,Power Fastball,2,1,2,9,0.2222222222222222,0.1111111111111111,0,0.0,0.2222222222222222,0.2222222222222222
"Falter, Bailey",91.50526315789473,21,19.0,0.9047619047619048,Balanced,1,1,17,21,0.047619047619047616,0.047619047619047616,16,0.7619047619047619,0.8095238095238095,0.047619047619047616
"Farmer, Buck",90.31428571428572,17,7.0,0.4117647058823529,Offspeed Heavy,3,2,11,17,0.17647058823529413,0.11764705882352941,8,0.47058823529411764,0.6470588235294118,0.17647058823529413
"Fedde, Erick",93.175,23,16.0,0.6956521739130435,Balanced,6,4,11,23,0.2608695652173913,0.17391304347826086,5,0.21739130434782608,0.4782608695652174,0.2608695652173913
"Feltner, Ryan",94.86923076923077,22,13.0,0.5909090909090909,Balanced,2,10,8,22,0.09090909090909091,0.45454545454545453,6,0.2727272727272727,0.36363636363636365,0.09090909090909091
"Ferguson, Caleb",91.49166666666667,12,12.0,1.0,Balanced,4,3,5,12,0.3333333333333333,0.25,1,0.08333333333333333,0.4166666666666667,0.3333333333333333
"Fernandez, Ryan",93.4,14,8.0,0.5714285714285714,Balanced,5,4,3,14,0.35714285714285715,0.2857142857142857,-2,-0.14285714285714285,0.21428571428571427,0.35714285714285715
"Finnegan, Kyle",96.89999999999999,8,6.0,0.75,Power Fastball,0,3,3,8,0.0,0.375,3,0.375,0.375,0.0
"Flaherty, Jack",93.10625,28,16.0,0.5714285714285714,Balanced,9,5,12,28,0.32142857142857145,0.17857142857142858,3,0.10714285714285714,0.42857142857142855,0.32142857142857145
"Fleming, Josh",87.92,6,5.0,0.8333333333333334,Balanced,1,2,3,6,0.16666666666666666,0.3333333333333333,2,0.3333333333333333,0.5,0.16666666666666666
"Flexen, Chris",90.15151515151516,47,33.0,0.7021276595744681,Balanced,12,5,25,47,0.2553191489361702,0.10638297872340426,13,0.2765957446808511,0.5319148936170213,0.2553191489361702
"Floro, Dylan",89.8125,11,8.0,0.7272727272727273,Balanced,1,3,3,11,0.09090909090909091,0.2727272727272727,2,0.18181818181818182,0.2727272727272727,0.09090909090909091
"Foley, Jason",98.83,11,10.0,0.9090909090909091,Power Fastball,1,5,3,11,0.09090909090909091,0.45454545454545453,2,0.18181818181818182,0.2727272727272727,0.09090909090909091
"France, J.P.",90.11,27,10.0,0.37037037037037035,Offspeed Heavy,8,4,13,27,0.2962962962962963,0.14814814814814814,5,0.18518518518518517,0.48148148148148145,0.2962962962962963
"Francis, Bowden",93.60666666666665,41,15.0,0.36585365853658536,Offspeed Heavy,12,12,12,41,0.2926829268292683,0.2926829268292683,0,0.0,0.2926829268292683,0.2926829268292683
"Freeland, Kyle",88.8375,23,16.0,0.6956521739130435,Balanced,9,2,8,23,0.391304347826087,0.08695652173913043,-1,-0.043478260869565216,0.34782608695652173,0.391304347826087
"Fried, Max",93.78181818181817,25,11.0,0.44,Offspeed Heavy,10,5,8,25,0.4,0.2,-2,-0.08,0.32,0.4
"Frías, Luis",96.03333333333335,7,6.0,0.8571428571428571,Power Fastball,3,0,3,7,0.42857142857142855,0.0,0,0.0,0.42857142857142855,0.42857142857142855
"Funderburk, Kody",92.7,9,5.0,0.5555555555555556,Balanced,0,2,3,9,0.0,0.2222222222222222,3,0.3333333333333333,0.3333333333333333,0.0
"Gaddis, Hunter",95.6,10,2.0,0.2,Offspeed Heavy,3,4,2,10,0.3,0.4,-1,-0.1,0.2,0.3
"Gallegos, Giovanny",91.89999999999999,8,3.0,0.375,Offspeed Heavy,1,0,6,8,0.125,0.0,5,0.625,0.75,0.125
"Gallen, Zac",92.39999999999999,22,14.0,0.6363636363636364,Balanced,3,6,10,22,0.13636363636363635,0.2727272727272727,7,0.3181818181818182,0.45454545454545453,0.13636363636363635
"Garcia, Robert",95.28,10,5.0,0.5,Balanced,3,4,2,10,0.3,0.4,-1,-0.1,0.2,0.3
"García, Deivi",94.38571428571429,14,7.0,0.5,Balanced,6,2,2,14,0.42857142857142855,0.14285714285714285,-4,-0.2857142857142857,0.14285714285714285,0.42857142857142855
"García, Luis",96.4,6,5.0,0.8333333333333334,Power Fastball,1,1,3,6,0.16666666666666666,0.16666666666666666,2,0.3333333333333333,0.5,0.16666666666666666
"García, Yimi",96.3,6,3.0,0.5,Balanced,1,2,3,6,0.16666666666666666,0.3333333333333333,2,0.3333333333333333,0.5,0.16666666666666666
"Garrett, Reed",95.22857142857143,11,7.0,0.6363636363636364,Power Fastball,2,4,4,11,0.18181818181818182,0.36363636363636365,2,0.18181818181818182,0.36363636363636365,0.18181818181818182
"Gausman, Kevin",91.14285714285714,11,7.0,0.6363636363636364,Balanced,4,0,4,11,0.36363636363636365,0.0,0,0.0,0.36363636363636365,0.36363636363636365
"Gibson, Kyle",90.65333333333334,51,30.0,0.5882352941176471,Balanced,11,9,28,51,0.21568627450980393,0.17647058823529413,17,0.3333333333333333,0.5490196078431373,0.21568627450980393
"Gil, Luis",97.60909090909091,38,22.0,0.5789473684210527,Power Fastball,3,14,13,38,0.07894736842105263,0.3684210526315789,10,0.2631578947368421,0.34210526315789475,0.07894736842105263
"Gilbert, Logan",93.64,23,10.0,0.43478260869565216,Offspeed Heavy,5,7,10,23,0.21739130434782608,0.30434782608695654,5,0.21739130434782608,0.43478260869565216,0.21739130434782608
"Ginkel, Kevin",95.17142857142858,11,7.0,0.6363636363636364,Power Fastball,3,2,5,11,0.2727272727272727,0.18181818181818182,2,0.18181818181818182,0.45454545454545453,0.2727272727272727
"Glasnow, Tyler",96.5875,24,16.0,0.6666666666666666,Power Fastball,4,7,11,24,0.16666666666666666,0.2916666666666667,7,0.2916666666666667,0.4583333333333333,0.16666666666666666
"Gomber, Austin",90.43333333333334,19,9.0,0.47368421052631576,Balanced,4,7,5,19,0.21052631578947367,0.3684210526315789,1,0.05263157894736842,0.2631578947368421,0.21052631578947367
"Gonzales, Marco",89.50689655172413,42,29.0,0.6904761904761905,Balanced,9,6,25,42,0.21428571428571427,0.14285714285714285,16,0.38095238095238093,0.5952380952380952,0.21428571428571427
"González, Victor",93.9,14,9.0,0.6428571428571429,Balanced,2,1,8,14,0.14285714285714285,0.07142857142857142,6,0.42857142857142855,0.5714285714285714,0.14285714285714285
"Gore, MacKenzie",95.603125,47,32.0,0.6808510638297872,Power Fastball,10,12,18,47,0.2127659574468085,0.2553191489361702,8,0.1702127659574468,0.3829787234042553,0.2127659574468085
"Gray, Jon",94.3625,19,8.0,0.42105263157894735,Offspeed Heavy,5,3,7,19,0.2631578947368421,0.15789473684210525,2,0.10526315789473684,0.3684210526315789,0.2631578947368421
"Gray, Josiah",92.6375,22,8.0,0.36363636363636365,Offspeed Heavy,7,3,9,22,0.3181818181818182,0.13636363636363635,2,0.09090909090909091,0.4090909090909091,0.3181818181818182
"Green, Chad",95.06666666666666,9,3.0,0.3333333333333333,Offspeed Heavy,3,1,4,9,0.3333333333333333,0.1111111111111111,1,0.1111111111111111,0.4444444444444444,0.3333333333333333
"Greene, Hunter",98.59166666666665,24,12.0,0.5,Balanced,3,6,12,24,0.125,0.25,9,0.375,0.5,0.125
"Grove, Michael",94.12,20,10.0,0.5,Balanced,4,3,11,20,0.2,0.15,7,0.35,0.55,0.2
"Hader, Josh",96.35,9,4.0,0.4444444444444444,Offspeed Heavy,3,0,4,9,0.3333333333333333,0.0,1,0.1111111111111111,0.4444444444444444,0.3333333333333333
"Hall, DL",92.75,25,18.0,0.72,Balanced,8,5,10,25,0.32,0.2,2,0.08,0.4,0.32
"Hamilton, Ian",95.4,12,4.0,0.3333333333333333,Offspeed Heavy,2,4,5,12,0.16666666666666666,0.3333333333333333,3,0.25,0.4166666666666667,0.16666666666666666
"Hancock, Emerson",91.62727272727273,44,33.0,0.75,Balanced,15,7,18,44,0.3409090909090909,0.1590909090909091,3,0.06818181818181818,0.4090909090909091,0.3409090909090909
"Harrison, Kyle",93.00555555555555,24,18.0,0.75,Balanced,6,4,9,24,0.25,0.16666666666666666,3,0.125,0.375,0.25
"Harvey, Hunter",97.16666666666667,8,6.0,0.75,Power Fastball,0,6,2,8,0.0,0.75,2,0.25,0.25,0.0
"Heaney, Andrew",91.01111111111112,20,9.0,0.45,Offspeed Heavy,4,7,7,20,0.2,0.35,3,0.15,0.35,0.2
"Heasley, Jonathan",93.95,8,2.0,0.25,Offspeed Heavy,1,2,4,8,0.125,0.25,3,0.375,0.5,0.125
"Helsley, Ryan",98.47777777777777,15,9.0,0.6,Power Fastball,3,3,9,15,0.2,0.2,6,0.4,0.6,0.2
"Hendricks, Kyle",87.34,22,10.0,0.45454545454545453,Balanced,8,4,8,22,0.36363636363636365,0.18181818181818182,0,0.0,0.36363636363636365,0.36363636363636365
"Henry, Tommy",91.38333333333333,25,6.0,0.24,Offspeed Heavy,6,5,10,25,0.24,0.2,4,0.16,0.4,0.24
"Hernandez, Jose E.",93.1,5,4.0,0.8,Balanced,1,2,2,5,0.2,0.4,1,0.2,0.4,0.2
"Herrin, Tim",95.48571428571428,10,7.0,0.7,Power Fastball,1,2,4,10,0.1,0.2,3,0.3,0.4,0.1
"Hicks, Jordan",95.02941176470588,25,17.0,0.68,Power Fastball,5,5,14,25,0.2,0.2,9,0.36,0.56,0.2
"Hoeing, Bryan",94.21666666666667,20,18.0,0.9,Balanced,5,1,11,20,0.25,0.05,6,0.3,0.55,0.25
"Hoffman, Jeff",95.82000000000001,11,5.0,0.45454545454545453,Balanced,2,3,5,11,0.18181818181818182,0.2727272727272727,3,0.2727272727272727,0.45454545454545453,0.18181818181818182
"Holmes, Clay",96.71666666666665,10,6.0,0.6,Power Fastball,2,2,4,10,0.2,0.2,2,0.2,0.4,0.2
"Holton, Tyler",89.925,7,4.0,0.5714285714285714,Balanced,1,1,5,7,0.14285714285714285,0.14285714285714285,4,0.5714285714285714,0.7142857142857143,0.14285714285714285
"Houck, Tanner",93.16315789473684,45,19.0,0.4222222222222222,Offspeed Heavy,7,17,18,45,0.15555555555555556,0.37777777777777777,11,0.24444444444444444,0.4,0.15555555555555556
"Houser, Adrian",91.63571428571429,20,14.0,0.7,Balanced,3,3,11,20,0.15,0.15,8,0.4,0.55,0.15
"Hudson, Bryan",92.39999999999999,5,3.0,0.6,Balanced,0,1,3,5,0.0,0.2,3,0.6,0.6,0.0
"Hudson, Dakota",90.5695652173913,47,23.0,0.48936170212765956,Balanced,11,6,27,47,0.23404255319148937,0.1276595744680851,16,0.3404255319148936,0.574468085106383,0.23404255319148937
"Hudson, Daniel",94.89999999999999,7,3.0,0.42857142857142855,Offspeed Heavy,2,2,3,7,0.2857142857142857,0.2857142857142857,1,0.14285714285714285,0.42857142857142855,0.2857142857142857
"Iglesias, Raisel",93.725,8,4.0,0.5,Balanced,1,0,6,8,0.125,0.0,5,0.625,0.75,0.125
"Imanaga, Shota",92.33749999999999,35,24.0,0.6857142857142857,Balanced,4,12,18,35,0.11428571428571428,0.34285714285714286,14,0.4,0.5142857142857142,0.11428571428571428
"Irvin, Cole",89.22857142857143,24,14.0,0.5833333333333334,Balanced,7,3,12,24,0.2916666666666667,0.125,5,0.20833333333333334,0.5,0.2916666666666667
"Irvin, Jake",92.0125,22,16.0,0.7272727272727273,Balanced,5,4,12,22,0.22727272727272727,0.18181818181818182,7,0.3181818181818182,0.5454545454545454,0.22727272727272727
"Jackson, Jay",92.44999999999999,10,2.0,0.2,Offspeed Heavy,1,4,4,10,0.1,0.4,3,0.3,0.4,0.1
"Jansen, Kenley",91.64999999999999,13,12.0,0.9230769230769231,Balanced,0,4,5,13,0.0,0.3076923076923077,5,0.38461538461538464,0.38461538461538464,0.0
"Jarvis, Bryce",96.1,11,2.0,0.18181818181818182,Offspeed Heavy,4,1,6,11,0.36363636363636365,0.09090909090909091,2,0.18181818181818182,0.5454545454545454,0.36363636363636365
"Javier, Cristian",92.46000000000001,20,5.0,0.25,Offspeed Heavy,1,3,11,20,0.05,0.15,10,0.5,0.55,0.05
"Jax, Griffin",97.6,3,1.0,0.3333333333333333,Offspeed Heavy,0,1,2,3,0.0,0.3333333333333333,2,0.6666666666666666,0.6666666666666666,0.0
"Jiménez, Dany",92.0,6,1.0,0.16666666666666666,Offspeed Heavy,0,2,2,6,0.0,0.3333333333333333,2,0.3333333333333333,0.3333333333333333,0.0
"Jiménez, Joe",94.26666666666667,9,3.0,0.3333333333333333,Offspeed Heavy,1,3,5,9,0.1111111111111111,0.3333333333333333,4,0.4444444444444444,0.5555555555555556,0.1111111111111111
"Johnson, Pierce",93.7,14,1.0,0.07142857142857142,Offspeed Heavy,3,3,6,14,0.21428571428571427,0.21428571428571427,3,0.21428571428571427,0.42857142857142855,0.21428571428571427
"Jones, Jared",97.5090909090909,25,11.0,0.44,Offspeed Heavy,6,7,11,25,0.24,0.28,5,0.2,0.44,0.24
"Junis, Jakob",91.72,16,10.0,0.625,Balanced,3,4,8,16,0.1875,0.25,5,0.3125,0.5,0.1875
"Keller, Mitch",91.29411764705883,27,17.0,0.6296296296296297,Balanced,8,5,11,27,0.2962962962962963,0.18518518518518517,3,0.1111111111111111,0.4074074074074074,0.2962962962962963
"Kelly, Joe",97.88571428571429,11,7.0,0.6363636363636364,Power Fastball,3,5,3,11,0.2727272727272727,0.45454545454545453,0,0.0,0.2727272727272727,0.2727272727272727
"Kelly, Merrill",92.39999999999999,26,11.0,0.4230769230769231,Offspeed Heavy,5,4,15,26,0.19230769230769232,0.15384615384615385,10,0.38461538461538464,0.5769230769230769,0.19230769230769232
"Kelly, Michael",95.73333333333333,12,3.0,0.25,Offspeed Heavy,2,3,6,12,0.16666666666666666,0.25,4,0.3333333333333333,0.5,0.16666666666666666
"Kikuchi, Yusei",94.975,20,8.0,0.4,Offspeed Heavy,4,7,7,20,0.2,0.35,3,0.15,0.35,0.2
"Kimbrel, Craig",93.28333333333335,10,6.0,0.6,Balanced,1,5,4,10,0.1,0.5,3,0.3,0.4,0.1
"King, John",93.5,8,4.0,0.5,Balanced,2,2,3,8,0.25,0.25,1,0.125,0.375,0.25
"King, Michael",92.84545454545454,26,11.0,0.4230769230769231,Offspeed Heavy,4,4,17,26,0.15384615384615385,0.15384615384615385,13,0.5,0.6538461538461539,0.15384615384615385
"Kinley, Tyler",94.37777777777778,15,9.0,0.6,Balanced,7,2,4,15,0.4666666666666667,0.13333333333333333,-3,-0.2,0.26666666666666666,0.4666666666666667
"Kirby, George",94.24545454545455,23,11.0,0.4782608695652174,Balanced,10,2,10,23,0.43478260869565216,0.08695652173913043,0,0.0,0.43478260869565216,0.43478260869565216
"Kittredge, Andrew",94.80000000000001,7,2.0,0.2857142857142857,Offspeed Heavy,2,2,3,7,0.2857142857142857,0.2857142857142857,1,0.14285714285714285,0.42857142857142855,0.2857142857142857
"Kolek, Stephen",93.7,14,11.0,0.7857142857142857,Balanced,2,4,5,14,0.14285714285714285,0.2857142857142857,3,0.21428571428571427,0.35714285714285715,0.14285714285714285
"Kopech, Michael",98.2090909090909,14,11.0,0.7857142857142857,Power Fastball,3,4,3,14,0.21428571428571427,0.2857142857142857,0,0.0,0.21428571428571427,0.21428571428571427
"Kremer, Dean",90.63793103448276,48,29.0,0.6041666666666666,Balanced,8,11,25,48,0.16666666666666666,0.22916666666666666,17,0.3541666666666667,0.5208333333333334,0.16666666666666666
"Lambert, Peter",94.7,19,7.0,0.3684210526315789,Offspeed Heavy,7,4,6,19,0.3684210526315789,0.21052631578947367,-1,-0.05263157894736842,0.3157894736842105,0.3684210526315789
"Lamet, Dinelson",93.33333333333333,17,9.0,0.5294117647058824,Balanced,2,3,10,17,0.11764705882352941,0.17647058823529413,8,0.47058823529411764,0.5882352941176471,0.11764705882352941
"Lange, Alex",96.0,10,1.0,0.1,Offspeed Heavy,3,3,3,10,0.3,0.3,0,0.0,0.3,0.3
"Latz, Jacob",95.07272727272726,15,11.0,0.7333333333333333,Power Fastball,1,3,8,15,0.06666666666666667,0.2,7,0.4666666666666667,0.5333333333333333,0.06666666666666667
"Law, Derek",92.30714285714285,20,14.0,0.7,Balanced,7,0,11,20,0.35,0.0,4,0.2,0.55,0.35
"Lawrence, Justin",94.82857142857142,11,7.0,0.6363636363636364,Balanced,6,2,3,11,0.5454545454545454,0.18181818181818182,-3,-0.2727272727272727,0.2727272727272727,0.5454545454545454
"Leasure, Jordan",95.42,7,5.0,0.7142857142857143,Power Fastball,3,1,3,7,0.42857142857142855,0.14285714285714285,0,0.0,0.42857142857142855,0.42857142857142855
"Leclerc, José",93.08571428571429,12,7.0,0.5833333333333334,Balanced,4,1,6,12,0.3333333333333333,0.08333333333333333,2,0.16666666666666666,0.5,0.3333333333333333
"Lee, Dylan",90.7,14,3.0,0.21428571428571427,Offspeed Heavy,2,2,10,14,0.14285714285714285,0.14285714285714285,8,0.5714285714285714,0.7142857142857143,0.14285714285714285
"Leiter Jr., Mark",90.5375,14,8.0,0.5714285714285714,Balanced,2,4,5,14,0.14285714285714285,0.2857142857142857,3,0.21428571428571427,0.35714285714285715,0.14285714285714285
"Leone, Dominic",93.95,13,6.0,0.46153846153846156,Balanced,2,1,5,13,0.15384615384615385,0.07692307692307693,3,0.23076923076923078,0.38461538461538464,0.15384615384615385
"Liberatore, Matthew",93.8,9,6.0,0.6666666666666666,Balanced,2,1,6,9,0.2222222222222222,0.1111111111111111,4,0.4444444444444444,0.6666666666666666,0.2222222222222222
"Littell, Zack",93.21666666666665,20,6.0,0.3,Offspeed Heavy,5,5,10,20,0.25,0.25,5,0.25,0.5,0.25
"Little, Luke",97.55,9,8.0,0.8888888888888888,Power Fastball,0,2,5,9,0.0,0.2222222222222222,5,0.5555555555555556,0.5555555555555556,0.0
"Loáisiga, Jonathan",98.8,3,1.0,0.3333333333333333,Offspeed Heavy,0,1,2,3,0.0,0.3333333333333333,2,0.6666666666666666,0.6666666666666666,0.0
"Lugo, Seth",92.6,27,13.0,0.48148148148148145,Balanced,8,3,13,27,0.2962962962962963,0.1111111111111111,5,0.18518518518518517,0.48148148148148145,0.2962962962962963
"Luzardo, Jesús",96.05555555555556,19,9.0,0.47368421052631576,Balanced,4,4,9,19,0.21052631578947367,0.21052631578947367,5,0.2631578947368421,0.47368421052631576,0.21052631578947367
"Lyles, Jordan",90.85,4,4.0,1.0,Balanced,0,1,2,4,0.0,0.25,2,0.5,0.5,0.0
"Lynn, Lance",89.95217391304348,23,23.0,1.0,Balanced,8,7,7,23,0.34782608695652173,0.30434782608695654,-1,-0.043478260869565216,0.30434782608695654,0.34782608695652173
"López, Jorge",94.14,11,5.0,0.45454545454545453,Balanced,0,3,6,11,0.0,0.2727272727272727,6,0.5454545454545454,0.5454545454545454,0.0
"López, Pablo",94.6,24,8.0,0.3333333333333333,Offspeed Heavy,6,2,15,24,0.25,0.08333333333333333,9,0.375,0.625,0.25
"López, Reynaldo",94.8125,23,16.0,0.6956521739130435,Balanced,4,5,12,23,0.17391304347826086,0.21739130434782608,8,0.34782608695652173,0.5217391304347826,0.17391304347826086
"Maeda, Kenta",88.975,22,4.0,0.18181818181818182,Offspeed Heavy,2,2,13,22,0.09090909090909091,0.09090909090909091,11,0.5,0.5909090909090909,0.09090909090909091
"Manaea, Sean",92.26333333333334,41,30.0,0.7317073170731707,Balanced,4,14,17,41,0.0975609756097561,0.34146341463414637,13,0.3170731707317073,0.4146341463414634,0.0975609756097561
"Manning, Matt",93.06,21,10.0,0.47619047619047616,Balanced,0,3,14,21,0.0,0.14285714285714285,14,0.6666666666666666,0.6666666666666666,0.0
"Mantiply, Joe",88.76666666666667,13,6.0,0.46153846153846156,Balanced,1,2,9,13,0.07692307692307693,0.15384615384615385,8,0.6153846153846154,0.6923076923076923,0.07692307692307693
"Marsh, Alec",93.85925925925925,47,27.0,0.574468085106383,Balanced,10,8,27,47,0.2127659574468085,0.1702127659574468,17,0.3617021276595745,0.574468085106383,0.2127659574468085
"Marte, Yunior",95.38333333333333,12,6.0,0.5,Balanced,0,3,8,12,0.0,0.25,8,0.6666666666666666,0.6666666666666666,0.0
"Martin, Chris",92.95714285714287,14,7.0,0.5,Balanced,4,4,5,14,0.2857142857142857,0.2857142857142857,1,0.07142857142857142,0.35714285714285715,0.2857142857142857
"Martinez, Nick",89.59411764705882,25,17.0,0.68,Balanced,8,6,9,25,0.32,0.24,1,0.04,0.36,0.32
"Martinez, Seth",90.43333333333334,7,6.0,0.8571428571428571,Balanced,1,0,6,7,0.14285714285714285,0.0,5,0.7142857142857143,0.8571428571428571,0.14285714285714285
"Maton, Phil",88.46666666666665,12,3.0,0.25,Offspeed Heavy,3,2,2,12,0.25,0.16666666666666666,-1,-0.08333333333333333,0.16666666666666666,0.25
"Matsui, Yuki",90.81666666666666,10,6.0,0.6,Balanced,1,0,7,10,0.1,0.0,6,0.6,0.7,0.1
"Matz, Steven",94.34166666666665,19,12.0,0.631578947368421,Balanced,4,3,11,19,0.21052631578947367,0.15789473684210525,7,0.3684210526315789,0.5789473684210527,0.21052631578947367
"Matzek, Tyler",93.9,8,5.0,0.625,Balanced,0,3,3,8,0.0,0.375,3,0.375,0.375,0.0
"Mayza, Tim",92.24,13,5.0,0.38461538461538464,Offspeed Heavy,4,1,5,13,0.3076923076923077,0.07692307692307693,1,0.07692307692307693,0.38461538461538464,0.3076923076923077
"McArthur, James",94.60000000000001,17,6.0,0.35294117647058826,Offspeed Heavy,6,4,6,17,0.35294117647058826,0.23529411764705882,0,0.0,0.35294117647058826,0.35294117647058826
"McFarland, T.J.",87.675,8,4.0,0.5,Balanced,4,0,4,8,0.5,0.0,0,0.0,0.5,0.5
"McGough, Scott",93.7,9,3.0,0.3333333333333333,Offspeed Heavy,3,3,3,9,0.3333333333333333,0.3333333333333333,0,0.0,0.3333333333333333,0.3333333333333333
"McKenzie, Triston",90.66666666666667,17,6.0,0.35294117647058826,Offspeed Heavy,4,2,8,17,0.23529411764705882,0.11764705882352941,4,0.23529411764705882,0.47058823529411764,0.23529411764705882
"Mears, Nick",96.83333333333333,13,6.0,0.46153846153846156,Balanced,2,3,6,13,0.15384615384615385,0.23076923076923078,4,0.3076923076923077,0.46153846153846156,0.15384615384615385
"Merryweather, Julian",95.7,12,4.0,0.3333333333333333,Offspeed Heavy,3,4,3,12,0.25,0.3333333333333333,0,0.0,0.25,0.25
"Meyer, Max",94.325,41,16.0,0.3902439024390244,Offspeed Heavy,5,7,26,41,0.12195121951219512,0.17073170731707318,21,0.5121951219512195,0.6341463414634146,0.12195121951219512
"Mikolas, Miles",92.74166666666667,26,12.0,0.46153846153846156,Balanced,7,4,14,26,0.2692307692307692,0.15384615384615385,7,0.2692307692307692,0.5384615384615384,0.2692307692307692
"Miller, Bobby",98.22857142857143,11,7.0,0.6363636363636364,Power Fastball,4,3,2,11,0.36363636363636365,0.2727272727272727,-2,-0.18181818181818182,0.18181818181818182,0.36363636363636365
"Miller, Bryce",94.83076923076922,25,13.0,0.52,Balanced,3,7,14,25,0.12,0.28,11,0.44,0.56,0.12
"Miller, Erik",94.39999999999999,6,3.0,0.5,Balanced,1,2,2,6,0.16666666666666666,0.3333333333333333,1,0.16666666666666666,0.3333333333333333,0.16666666666666666
"Miller, Mason",100.9125,17,8.0,0.47058823529411764,Balanced,3,7,5,17,0.17647058823529413,0.4117647058823529,2,0.11764705882352941,0.29411764705882354,0.17647058823529413
"Miller, Shelby",92.5375,11,8.0,0.7272727272727273,Balanced,0,4,5,11,0.0,0.36363636363636365,5,0.45454545454545453,0.45454545454545453,0.0
"Milner, Hoby",87.58333333333333,12,6.0,0.5,Balanced,3,1,6,12,0.25,0.08333333333333333,3,0.25,0.5,0.25
"Minter, A.J.",92.0,7,6.0,0.8571428571428571,Balanced,1,2,4,7,0.14285714285714285,0.2857142857142857,3,0.42857142857142855,0.5714285714285714,0.14285714285714285
"Mize, Casey",95.1625,21,8.0,0.38095238095238093,Offspeed Heavy,5,4,9,21,0.23809523809523808,0.19047619047619047,4,0.19047619047619047,0.42857142857142855,0.23809523809523808
"Molina, Anthony",93.34444444444445,16,9.0,0.5625,Balanced,4,1,8,16,0.25,0.0625,4,0.25,0.5,0.25
"Montas, Frankie",93.76315789473684,24,19.0,0.7916666666666666,Balanced,5,5,11,24,0.20833333333333334,0.20833333333333334,6,0.25,0.4583333333333333,0.20833333333333334
"Montero, Rafael",95.89999999999999,11,6.0,0.5454545454545454,Balanced,0,2,7,11,0.0,0.18181818181818182,7,0.6363636363636364,0.6363636363636364,0.0
"Moore, Matt",93.1,9,5.0,0.5555555555555556,Balanced,0,1,8,9,0.0,0.1111111111111111,8,0.8888888888888888,0.8888888888888888,0.0
"Morgan, Eli",91.46666666666665,4,3.0,0.75,Balanced,2,0,1,4,0.5,0.0,-1,-0.25,0.25,0.5
"Morton, Charlie",93.1375,22,8.0,0.36363636363636365,Offspeed Heavy,3,5,10,22,0.13636363636363635,0.22727272727272727,7,0.3181818181818182,0.45454545454545453,0.13636363636363635
"Muller, Kyle",91.975,27,16.0,0.5925925925925926,Balanced,3,7,16,27,0.1111111111111111,0.25925925925925924,13,0.48148148148148145,0.5925925925925926,0.1111111111111111
"Musgrove, Joe",91.77000000000001,23,10.0,0.43478260869565216,Offspeed Heavy,5,6,7,23,0.21739130434782608,0.2608695652173913,2,0.08695652173913043,0.30434782608695654,0.21739130434782608
"Muñoz, Andrés",98.06666666666666,12,6.0,0.5,Balanced,1,3,4,12,0.08333333333333333,0.25,3,0.25,0.3333333333333333,0.08333333333333333
"Nardi, Andrew",94.98,11,10.0,0.9090909090909091,Balanced,4,4,3,11,0.36363636363636365,0.36363636363636365,-1,-0.09090909090909091,0.2727272727272727,0.36363636363636365
"Nelson, Kyle",89.7,15,7.0,0.4666666666666667,Balanced,1,5,8,15,0.06666666666666667,0.3333333333333333,7,0.4666666666666667,0.5333333333333333,0.06666666666666667
"Nelson, Nick",93.36666666666667,5,3.0,0.6,Balanced,2,1,1,5,0.4,0.2,-1,-0.2,0.2,0.4
"Nelson, Ryne",94.05,38,20.0,0.5263157894736842,Balanced,10,9,14,38,0.2631578947368421,0.23684210526315788,4,0.10526315789473684,0.3684210526315789,0.2631578947368421
"Neris, Héctor",90.46666666666665,5,3.0,0.6,Balanced,3,2,0,5,0.6,0.4,-3,-0.6,0.0,0.6
"Nola, Aaron",91.08888888888889,22,9.0,0.4090909090909091,Offspeed Heavy,2,4,12,22,0.09090909090909091,0.18181818181818182,10,0.45454545454545453,0.5454545454545454,0.09090909090909091
"Okert, Steven",93.2,4,1.0,0.25,Offspeed Heavy,0,3,0,4,0.0,0.75,0,0.0,0.0,0.0
"Olson, Reese",94.87333333333332,22,15.0,0.6818181818181818,Balanced,3,3,13,22,0.13636363636363635,0.13636363636363635,10,0.45454545454545453,0.5909090909090909,0.13636363636363635
"Ortiz, Luis",93.55,12,6.0,0.5,Balanced,2,3,5,12,0.16666666666666666,0.25,3,0.25,0.4166666666666667,0.16666666666666666
"Ottavino, Adam",91.52000000000001,10,5.0,0.5,Balanced,1,5,4,10,0.1,0.5,3,0.3,0.4,0.1
"Paddack, Chris",94.39999999999999,18,7.0,0.3888888888888889,Offspeed Heavy,6,2,8,18,0.3333333333333333,0.1111111111111111,2,0.1111111111111111,0.4444444444444444,0.3333333333333333
"Pagán, Emilio",89.6875,10,8.0,0.8,Balanced,3,2,5,10,0.3,0.2,2,0.2,0.5,0.3
"Palencia, Daniel",96.9,12,9.0,0.75,Power Fastball,1,2,7,12,0.08333333333333333,0.16666666666666666,6,0.5,0.5833333333333334,0.08333333333333333
"Pallante, Andre",95.61666666666667,6,6.0,1.0,Power Fastball,0,1,4,6,0.0,0.16666666666666666,4,0.6666666666666666,0.6666666666666666,0.0
"Parsons, Wes",94.58333333333333,9,6.0,0.6666666666666666,Balanced,2,1,5,9,0.2222222222222222,0.1111111111111111,3,0.3333333333333333,0.5555555555555556,0.2222222222222222
"Paxton, James",91.9,23,20.0,0.8695652173913043,Balanced,4,5,9,23,0.17391304347826086,0.21739130434782608,5,0.21739130434782608,0.391304347826087,0.17391304347826086
"Payamps, Joel",93.03333333333335,8,3.0,0.375,Offspeed Heavy,4,0,4,8,0.5,0.0,0,0.0,0.5,0.5
"Pearson, Nate",97.85714285714286,13,7.0,0.5384615384615384,Balanced,3,4,4,13,0.23076923076923078,0.3076923076923077,1,0.07692307692307693,0.3076923076923077,0.23076923076923078
"Peguero, Elvis",97.04285714285713,11,7.0,0.6363636363636364,Power Fastball,1,5,4,11,0.09090909090909091,0.45454545454545453,3,0.2727272727272727,0.36363636363636365,0.09090909090909091
"Pepiot, Ryan",94.5,44,25.0,0.5681818181818182,Balanced,7,14,19,44,0.1590909090909091,0.3181818181818182,12,0.2727272727272727,0.4318181818181818,0.1590909090909091
"Peralta, Freddy",94.60588235294118,24,17.0,0.7083333333333334,Balanced,4,7,10,24,0.16666666666666666,0.2916666666666667,6,0.25,0.4166666666666667,0.16666666666666666
"Peralta, Wandy",95.14999999999999,10,6.0,0.6,Power Fastball,0,1,6,10,0.0,0.1,6,0.6,0.6,0.0
"Pfaadt, Brandon",92.56428571428572,27,14.0,0.5185185185185185,Balanced,8,7,10,27,0.2962962962962963,0.25925925925925924,2,0.07407407407407407,0.37037037037037035,0.2962962962962963
"Phillips, Evan",93.72,11,5.0,0.45454545454545453,Balanced,3,3,4,11,0.2727272727272727,0.2727272727272727,1,0.09090909090909091,0.36363636363636365,0.2727272727272727
"Pinto, Ricardo",90.84545454545454,18,11.0,0.6111111111111112,Balanced,5,4,8,18,0.2777777777777778,0.2222222222222222,3,0.16666666666666666,0.4444444444444444,0.2777777777777778
"Pivetta, Nick",90.92666666666668,20,15.0,0.75,Balanced,5,3,11,20,0.25,0.15,6,0.3,0.55,0.25
"Poche, Colin",89.67,11,10.0,0.9090909090909091,Balanced,3,2,6,11,0.2727272727272727,0.18181818181818182,3,0.2727272727272727,0.5454545454545454,0.2727272727272727
"Pressly, Ryan",94.2,10,3.0,0.3,Offspeed Heavy,5,2,3,10,0.5,0.2,-2,-0.2,0.3,0.5
"Puk, A.J.",94.42307692307692,21,13.0,0.6190476190476191,Balanced,5,5,7,21,0.23809523809523808,0.23809523809523808,2,0.09523809523809523,0.3333333333333333,0.23809523809523808
"Pérez, Martín",89.69999999999999,28,18.0,0.6428571428571429,Balanced,6,6,13,28,0.21428571428571427,0.21428571428571427,7,0.25,0.4642857142857143,0.21428571428571427
"Quantrill, Cal",90.10000000000001,19,14.0,0.7368421052631579,Balanced,4,3,8,19,0.21052631578947367,0.15789473684210525,4,0.21052631578947367,0.42105263157894735,0.21052631578947367
"Quintana, Jose",89.36111111111111,26,18.0,0.6923076923076923,Balanced,5,4,13,26,0.19230769230769232,0.15384615384615385,8,0.3076923076923077,0.5,0.19230769230769232
"Ragans, Cole",95.72999999999999,22,10.0,0.45454545454545453,Balanced,1,7,12,22,0.045454545454545456,0.3181818181818182,11,0.5,0.5454545454545454,0.045454545454545456
"Rainey, Tanner",93.62222222222222,18,9.0,0.5,Balanced,5,4,4,18,0.2777777777777778,0.2222222222222222,-1,-0.05555555555555555,0.2222222222222222,0.2777777777777778
"Raley, Brooks",85.03333333333333,13,3.0,0.23076923076923078,Offspeed Heavy,1,2,7,13,0.07692307692307693,0.15384615384615385,6,0.46153846153846156,0.5384615384615384,0.07692307692307693
"Ramírez, Yohan",94.14,13,5.0,0.38461538461538464,Offspeed Heavy,4,3,4,13,0.3076923076923077,0.23076923076923078,0,0.0,0.3076923076923077,0.3076923076923077
"Rea, Colin",89.51,25,20.0,0.8,Balanced,7,3,15,25,0.28,0.12,8,0.32,0.6,0.28
"Richards, Trevor",92.05,13,2.0,0.15384615384615385,Offspeed Heavy,0,7,4,13,0.0,0.5384615384615384,4,0.3076923076923077,0.3076923076923077,0.0
"Robertson, David",94.85,14,2.0,0.14285714285714285,Offspeed Heavy,2,4,7,14,0.14285714285714285,0.2857142857142857,5,0.35714285714285715,0.5,0.14285714285714285
"Rodriguez, Grayson",95.56923076923077,27,13.0,0.48148148148148145,Balanced,6,7,12,27,0.2222222222222222,0.25925925925925924,6,0.2222222222222222,0.4444444444444444,0.2222222222222222
"Rodríguez, Joely",89.55,3,2.0,0.6666666666666666,Balanced,1,0,2,3,0.3333333333333333,0.0,1,0.3333333333333333,0.6666666666666666,0.3333333333333333
"Rodríguez, Yerry",96.51428571428572,12,7.0,0.5833333333333334,Power Fastball,3,2,6,12,0.25,0.16666666666666666,3,0.25,0.5,0.25
"Rodón, Carlos",95.37647058823529,24,17.0,0.7083333333333334,Power Fastball,7,3,12,24,0.2916666666666667,0.125,5,0.20833333333333334,0.5,0.2916666666666667
"Rogers, Taylor",92.525,8,4.0,0.5,Balanced,2,0,5,8,0.25,0.0,3,0.375,0.625,0.25
"Rogers, Trevor",92.31666666666666,23,12.0,0.5217391304347826,Balanced,5,3,12,23,0.21739130434782608,0.13043478260869565,7,0.30434782608695654,0.5217391304347826,0.21739130434782608
"Rogers, Tyler",81.52857142857144,10,7.0,0.7,Balanced,3,3,4,10,0.3,0.3,1,0.1,0.4,0.3
"Romero, JoJo",94.2,10,4.0,0.4,Offspeed Heavy,1,3,6,10,0.1,0.3,5,0.5,0.6,0.1
"Ross, Joe",93.875,18,12.0,0.6666666666666666,Balanced,2,3,8,18,0.1111111111111111,0.16666666666666666,6,0.3333333333333333,0.4444444444444444,0.1111111111111111
"Roupp, Landen",93.46666666666665,12,3.0,0.25,Offspeed Heavy,2,4,5,12,0.16666666666666666,0.3333333333333333,3,0.25,0.4166666666666667,0.16666666666666666
"Ryan, Joe",93.72,24,5.0,0.20833333333333334,Offspeed Heavy,5,7,11,24,0.20833333333333334,0.2916666666666667,6,0.25,0.4583333333333333,0.20833333333333334
"Ryan, Ryder",94.06,13,10.0,0.7692307692307693,Balanced,3,3,5,13,0.23076923076923078,0.23076923076923078,2,0.15384615384615385,0.38461538461538464,0.23076923076923078
"Sale, Chris",94.93333333333334,20,6.0,0.3,Offspeed Heavy,4,6,10,20,0.2,0.3,6,0.3,0.5,0.2
"Sandlin, Nick",92.06,12,5.0,0.4166666666666667,Offspeed Heavy,0,4,3,12,0.0,0.3333333333333333,3,0.25,0.25,0.0
"Sandoval, Patrick",94.65,23,8.0,0.34782608695652173,Offspeed Heavy,4,7,9,23,0.17391304347826086,0.30434782608695654,5,0.21739130434782608,0.391304347826087,0.17391304347826086
"Sands, Cole",91.36,6,5.0,0.8333333333333334,Balanced,1,3,1,6,0.16666666666666666,0.5,0,0.0,0.16666666666666666,0.16666666666666666
"Santana, Dennis",93.12727272727274,13,11.0,0.8461538461538461,Balanced,2,3,7,13,0.15384615384615385,0.23076923076923078,5,0.38461538461538464,0.5384615384615384,0.15384615384615385
"Saucedo, Tayler",91.08,15,10.0,0.6666666666666666,Balanced,2,5,7,15,0.13333333333333333,0.3333333333333333,5,0.3333333333333333,0.4666666666666667,0.13333333333333333
"Sauer, Matt",96.0,4,2.0,0.5,Balanced,0,0,3,4,0.0,0.0,3,0.75,0.75,0.0
"Schmidt, Clarke",93.62142857142858,22,14.0,0.6363636363636364,Balanced,6,4,9,22,0.2727272727272727,0.18181818181818182,3,0.13636363636363635,0.4090909090909091,0.2727272727272727
"Schreiber, John",92.04444444444444,15,9.0,0.6,Balanced,2,3,8,15,0.13333333333333333,0.2,6,0.4,0.5333333333333333,0.13333333333333333
"Scott, Tanner",95.44285714285715,10,7.0,0.7,Power Fastball,0,0,5,10,0.0,0.0,5,0.5,0.5,0.0
"Scott, Tayler",92.19999999999999,6,2.0,0.3333333333333333,Offspeed Heavy,1,4,1,6,0.16666666666666666,0.6666666666666666,0,0.0,0.16666666666666666,0.16666666666666666
"Sears, JP",92.48333333333333,24,12.0,0.5,Balanced,6,1,15,24,0.25,0.041666666666666664,9,0.375,0.625,0.25
"Severino, Luis",96.38823529411764,21,17.0,0.8095238095238095,Power Fastball,3,7,8,21,0.14285714285714285,0.3333333333333333,5,0.23809523809523808,0.38095238095238093,0.14285714285714285
"Shaw, Bryan",92.96666666666665,15,12.0,0.8,Balanced,3,4,5,15,0.2,0.26666666666666666,2,0.13333333333333333,0.3333333333333333,0.2
"Silseth, Chase",93.90555555555555,38,18.0,0.47368421052631576,Balanced,8,12,12,38,0.21052631578947367,0.3157894736842105,4,0.10526315789473684,0.3157894736842105,0.21052631578947367
"Sims, Lucas",94.16666666666667,4,3.0,0.75,Balanced,0,2,1,4,0.0,0.5,1,0.25,0.25,0.0
"Singer, Brady",91.89999999999999,21,11.0,0.5238095238095238,Balanced,2,4,14,21,0.09523809523809523,0.19047619047619047,12,0.5714285714285714,0.6666666666666666,0.09523809523809523
"Skubal, Tarik",95.66923076923078,25,13.0,0.52,Balanced,4,9,10,25,0.16,0.36,6,0.24,0.4,0.16
"Slaten, Justin",91.97142857142856,10,7.0,0.7,Balanced,0,5,5,10,0.0,0.5,5,0.5,0.5,0.0
"Smith, Burch",89.9,16,15.0,0.9375,Balanced,4,0,9,16,0.25,0.0,5,0.3125,0.5625,0.25
"Smith, Cade",95.41818181818181,15,11.0,0.7333333333333333,Power Fastball,1,5,6,15,0.06666666666666667,0.3333333333333333,5,0.3333333333333333,0.4,0.06666666666666667
"Smith, Drew",93.8875,9,8.0,0.8888888888888888,Balanced,3,1,4,9,0.3333333333333333,0.1111111111111111,1,0.1111111111111111,0.4444444444444444,0.3333333333333333
"Smith, Will",89.76666666666667,15,6.0,0.4,Offspeed Heavy,4,4,5,15,0.26666666666666666,0.26666666666666666,1,0.06666666666666667,0.3333333333333333,0.26666666666666666
"Smyly, Drew",92.64999999999999,16,6.0,0.375,Offspeed Heavy,1,5,9,16,0.0625,0.3125,8,0.5,0.5625,0.0625
"Snider, Collin",91.825,6,4.0,0.6666666666666666,Balanced,2,1,2,6,0.3333333333333333,0.16666666666666666,0,0.0,0.3333333333333333,0.3333333333333333
"Soriano, George",93.48333333333333,13,6.0,0.46153846153846156,Balanced,3,4,5,13,0.23076923076923078,0.3076923076923077,2,0.15384615384615385,0.38461538461538464,0.23076923076923078
"Soriano, José",98.15,13,8.0,0.6153846153846154,Power Fastball,3,1,7,13,0.23076923076923078,0.07692307692307693,4,0.3076923076923077,0.5384615384615384,0.23076923076923078
"Soroka, Michael",92.68333333333334,22,12.0,0.5454545454545454,Balanced,6,2,14,22,0.2727272727272727,0.09090909090909091,8,0.36363636363636365,0.6363636363636364,0.2727272727272727
"Soto, Gregory",96.95,5,4.0,0.8,Power Fastball,1,3,1,5,0.2,0.6,0,0.0,0.2,0.2
"Speier, Gabe",92.45714285714287,7,7.0,1.0,Balanced,1,2,2,7,0.14285714285714285,0.2857142857142857,1,0.14285714285714285,0.2857142857142857,0.14285714285714285
"Spence, Mitch",93.0,3,1.0,0.3333333333333333,Offspeed Heavy,1,0,2,3,0.3333333333333333,0.0,1,0.3333333333333333,0.6666666666666666,0.3333333333333333
"Stanek, Ryne",97.85714285714286,9,7.0,0.7777777777777778,Power Fastball,3,2,4,9,0.3333333333333333,0.2222222222222222,1,0.1111111111111111,0.4444444444444444,0.3333333333333333
"Stewart, Brock",98.3,3,1.0,0.3333333333333333,Offspeed Heavy,0,2,1,3,0.0,0.6666666666666666,1,0.3333333333333333,0.3333333333333333,0.0
"Stone, Gavin",94.57777777777778,18,9.0,0.5,Balanced,6,5,4,18,0.3333333333333333,0.2777777777777778,-2,-0.1111111111111111,0.2222222222222222,0.3333333333333333
"Strahm, Matt",92.30909090909091,11,11.0,1.0,Balanced,1,3,7,11,0.09090909090909091,0.2727272727272727,6,0.5454545454545454,0.6363636363636364,0.09090909090909091
"Stratton, Chris",91.97999999999999,11,5.0,0.45454545454545453,Balanced,2,2,6,11,0.18181818181818182,0.18181818181818182,4,0.36363636363636365,0.5454545454545454,0.18181818181818182
"Stratton, Hunter",92.7,10,10.0,1.0,Balanced,3,2,5,10,0.3,0.2,2,0.2,0.5,0.3
"Strider, Spencer",95.82727272727271,22,11.0,0.5,Balanced,7,4,8,22,0.3181818181818182,0.18181818181818182,1,0.045454545454545456,0.36363636363636365,0.3181818181818182
"Stripling, Ross",90.38333333333333,26,12.0,0.46153846153846156,Balanced,8,3,15,26,0.3076923076923077,0.11538461538461539,7,0.2692307692307692,0.5769230769230769,0.3076923076923077
"Stroman, Marcus",89.0,23,16.0,0.6956521739130435,Balanced,3,6,12,23,0.13043478260869565,0.2608695652173913,9,0.391304347826087,0.5217391304347826,0.13043478260869565
"Suarez, José",91.42727272727274,30,11.0,0.36666666666666664,Offspeed Heavy,7,6,11,30,0.23333333333333334,0.2,4,0.13333333333333333,0.36666666666666664,0.23333333333333334
"Suarez, Robert",98.22999999999999,11,10.0,0.9090909090909091,Power Fastball,1,3,4,11,0.09090909090909091,0.2727272727272727,3,0.2727272727272727,0.36363636363636365,0.09090909090909091
"Suter, Brent",86.78571428571429,20,14.0,0.7,Balanced,7,0,11,20,0.35,0.0,4,0.2,0.55,0.35
"Suárez, Ranger",90.38823529411764,23,17.0,0.7391304347826086,Balanced,4,4,13,23,0.17391304347826086,0.17391304347826086,9,0.391304347826087,0.5652173913043478,0.17391304347826086
"Sánchez, Cristopher",93.82941176470588,42,17.0,0.40476190476190477,Offspeed Heavy,11,9,18,42,0.2619047619047619,0.21428571428571427,7,0.16666666666666666,0.42857142857142855,0.2619047619047619
"Sánchez, Sixto",87.13333333333333,4,3.0,0.75,Balanced,2,0,1,4,0.5,0.0,-1,-0.25,0.25,0.5
"Tate, Dillon",91.525,7,4.0,0.5714285714285714,Balanced,1,2,3,7,0.14285714285714285,0.2857142857142857,2,0.2857142857142857,0.42857142857142855,0.14285714285714285
"Thompson, Ryan",90.47777777777777,11,9.0,0.8181818181818182,Balanced,1,2,8,11,0.09090909090909091,0.18181818181818182,7,0.6363636363636364,0.7272727272727273,0.09090909090909091
"Thompson, Zack",89.92307692307692,24,13.0,0.5416666666666666,Balanced,5,5,10,24,0.20833333333333334,0.20833333333333334,5,0.20833333333333334,0.4166666666666667,0.20833333333333334
"Thornton, Trent",93.7,12,1.0,0.08333333333333333,Offspeed Heavy,1,2,9,12,0.08333333333333333,0.16666666666666666,8,0.6666666666666666,0.75,0.08333333333333333
"Tonkin, Michael",92.91,15,10.0,0.6666666666666666,Balanced,6,1,5,15,0.4,0.06666666666666667,-1,-0.06666666666666667,0.3333333333333333,0.4
"Turnbull, Spencer",91.2625,19,8.0,0.42105263157894735,Offspeed Heavy,3,7,8,19,0.15789473684210525,0.3684210526315789,5,0.2631578947368421,0.42105263157894735,0.15789473684210525
"Uribe, Abner",98.6375,9,8.0,0.8888888888888888,Power Fastball,3,0,5,9,0.3333333333333333,0.0,2,0.2222222222222222,0.5555555555555556,0.3333333333333333
"Valdez, Framber",94.75,27,14.0,0.5185185185185185,Balanced,6,5,15,27,0.2222222222222222,0.18518518518518517,9,0.3333333333333333,0.5555555555555556,0.2222222222222222
"Varland, Gus",93.9,4,2.0,0.5,Balanced,1,0,1,4,0.25,0.0,0,0.0,0.25,0.25
"Varland, Louis",95.53636363636365,21,11.0,0.5238095238095238,Balanced,6,4,8,21,0.2857142857142857,0.19047619047619047,2,0.09523809523809523,0.38095238095238093,0.2857142857142857
"Vesia, Alex",93.07142857142857,8,7.0,0.875,Balanced,0,1,5,8,0.0,0.125,5,0.625,0.625,0.0
"Vest, Will",94.31428571428572,12,7.0,0.5833333333333334,Balanced,2,3,5,12,0.16666666666666666,0.25,3,0.25,0.4166666666666667,0.16666666666666666
"Vieira, Thyago",97.3625,16,8.0,0.5,Balanced,2,5,7,16,0.125,0.3125,5,0.3125,0.4375,0.125
"Vodnik, Victor",96.92,15,10.0,0.6666666666666666,Power Fastball,1,4,7,15,0.06666666666666667,0.26666666666666666,6,0.4,0.4666666666666667,0.06666666666666667
"Voth, Austin",91.02857142857144,11,7.0,0.6363636363636364,Balanced,2,1,7,11,0.18181818181818182,0.09090909090909091,5,0.45454545454545453,0.6363636363636364,0.18181818181818182
"Wacha, Michael",92.90869565217392,42,23.0,0.5476190476190477,Balanced,5,13,22,42,0.11904761904761904,0.30952380952380953,17,0.40476190476190477,0.5238095238095238,0.11904761904761904
"Waguespack, Jacob",87.58,10,5.0,0.5,Balanced,3,3,3,10,0.3,0.3,0,0.0,0.3,0.3
"Waldron, Matt",90.83448275862068,43,29.0,0.6744186046511628,Balanced,12,12,16,43,0.27906976744186046,0.27906976744186046,4,0.09302325581395349,0.37209302325581395,0.27906976744186046
"Walker, Ryan",94.46000000000001,8,5.0,0.625,Balanced,0,4,3,8,0.0,0.5,3,0.375,0.375,0.0
"Weathers, Ryan",94.9923076923077,23,13.0,0.5652173913043478,Balanced,3,6,8,23,0.13043478260869565,0.2608695652173913,5,0.21739130434782608,0.34782608695652173,0.13043478260869565
"Weaver, Luke",90.9,23,16.0,0.6956521739130435,Balanced,5,1,12,23,0.21739130434782608,0.043478260869565216,7,0.30434782608695654,0.5217391304347826,0.21739130434782608
"Webb, Jacob",91.96000000000001,7,5.0,0.7142857142857143,Balanced,1,4,2,7,0.14285714285714285,0.5714285714285714,1,0.14285714285714285,0.2857142857142857,0.14285714285714285
"Webb, Logan",92.13636363636364,49,11.0,0.22448979591836735,Offspeed Heavy,17,8,22,49,0.3469387755102041,0.16326530612244897,5,0.10204081632653061,0.4489795918367347,0.3469387755102041
"Weems, Jordan",96.71666666666665,10,6.0,0.6,Power Fastball,0,2,6,10,0.0,0.2,6,0.6,0.6,0.0
"Weissert, Greg",94.025,10,4.0,0.4,Offspeed Heavy,2,2,5,10,0.2,0.2,3,0.3,0.5,0.2
"Wells, Tyler",91.73846153846154,25,13.0,0.52,Balanced,7,3,13,25,0.28,0.12,6,0.24,0.52,0.28
"Wentz, Joey",92.97272727272728,16,11.0,0.6875,Balanced,3,4,6,16,0.1875,0.25,3,0.1875,0.375,0.1875
"Wheeler, Zack",93.2875,25,16.0,0.64,Balanced,4,10,8,25,0.16,0.4,4,0.16,0.32,0.16
"White, Mitch",93.35000000000001,17,6.0,0.35294117647058826,Offspeed Heavy,4,2,9,17,0.23529411764705882,0.11764705882352941,5,0.29411764705882354,0.5294117647058824,0.23529411764705882
"Whitlock, Garrett",91.71111111111111,20,9.0,0.45,Offspeed Heavy,4,4,8,20,0.2,0.2,4,0.2,0.4,0.2
"Wicks, Jordan",91.84,21,15.0,0.7142857142857143,Balanced,6,7,7,21,0.2857142857142857,0.3333333333333333,1,0.047619047619047616,0.3333333333333333,0.2857142857142857
"Williams, Trevor",89.92,21,10.0,0.47619047619047616,Balanced,3,5,11,21,0.14285714285714285,0.23809523809523808,8,0.38095238095238093,0.5238095238095238,0.14285714285714285
"Wilson, Bryse",94.37692307692308,16,13.0,0.8125,Balanced,3,7,5,16,0.1875,0.4375,2,0.125,0.3125,0.1875
"Wilson, Justin",95.0,4,2.0,0.5,Balanced,0,1,2,4,0.0,0.25,2,0.5,0.5,0.0
"Wilson, Steven",92.72,7,5.0,0.7142857142857143,Balanced,0,3,4,7,0.0,0.42857142857142855,4,0.5714285714285714,0.5714285714285714,0.0
"Winckowski, Josh",93.63333333333333,14,12.0,0.8571428571428571,Balanced,2,5,4,14,0.14285714285714285,0.35714285714285715,2,0.14285714285714285,0.2857142857142857,0.14285714285714285
"Winn, Keaton",95.38333333333333,42,12.0,0.2857142857142857,Offspeed Heavy,7,7,24,42,0.16666666666666666,0.16666666666666666,17,0.40476190476190477,0.5714285714285714,0.16666666666666666
"Wood, Alex",91.10000000000001,24,11.0,0.4583333333333333,Balanced,6,7,7,24,0.25,0.2916666666666667,1,0.041666666666666664,0.2916666666666667,0.25
"Yamamoto, Yoshinobu",95.45555555555556,21,9.0,0.42857142857142855,Offspeed Heavy,3,8,7,21,0.14285714285714285,0.38095238095238093,4,0.19047619047619047,0.3333333333333333,0.14285714285714285
"Yarbrough, Ryan",85.68235294117646,37,17.0,0.4594594594594595,Balanced,9,4,22,37,0.24324324324324326,0.10810810810810811,13,0.35135135135135137,0.5945945945945946,0.24324324324324326
"Zerpa, Angel",94.4,8,5.0,0.625,Balanced,2,1,4,8,0.25,0.125,2,0.25,0.5,0.25
"Zuñiga, Guillo",96.325,13,12.0,0.9230769230769231,Power Fastball,2,1,8,13,0.15384615384615385,0.07692307692307693,6,0.46153846153846156,0.6153846153846154,0.15384615384615385
